<?xml version="1.0"?>
<doc>
    <assembly>
        <name>ComponenteAccesoDatos</name>
    </assembly>
    <members>
        <member name="T:ComponenteAccesoDatos.claseAccesoDatos">
            <summary>
            Esta clase contiene diferentes metodos que sirven para el mantenimiento basico de una tabla (BBDD)
            </summary>
        </member>
        <member name="F:ComponenteAccesoDatos.claseAccesoDatos.conn">
            <summary>
            Componentes creados de manera publica para poder acceder a ellos y modificar-los desde cualquier metodo.
            </summary>
        </member>
        <member name="M:ComponenteAccesoDatos.claseAccesoDatos.Connectar">
            <summary>
            Metodo para conectar-se a la base de datos atraves de la cadena de conexio que se encuentra en el archivo de app.config, que a mes en el mateix metode encripta l'arxiu app.config.
            </summary>
        </member>
        <member name="M:ComponenteAccesoDatos.claseAccesoDatos.PortarTaula(System.String)">
            <summary>
            Metodo para traer la tabla que nos interese con todos sus datos de la base de datos y guardar-la en un DataSet
            </summary>
            <param name="taula">Nombre de la tabla que despues utilizaremos en la consulta sql</param>
            <returns>DataSet con los datos de la tabla de la base de datos seleccionada</returns>
        </member>
        <member name="M:ComponenteAccesoDatos.claseAccesoDatos.PortarPerConsulta(System.String)">
            <summary>
            Metodo para traer la tabla que nos interese atraves de una consulta personalizda y guardar-la en un DataSet
            </summary>
            <param name="Consulta">Consulta que enviamos a la base de datos</param>
            <returns>DataSet con los datos que se han pedido en la consulta</returns>
        </member>
        <member name="M:ComponenteAccesoDatos.claseAccesoDatos.PortarPerConsulta(System.String,System.String)">
            <summary>
            Metodo sobrescrito de PortarPerConsulta en el que ahora ademas de recibir la consulta recibe el nombre de la Tabla
            </summary>
            <param name="Consulta">Consulta que enviamos a la base de datos</param>
            <param name="nomDataTable">Nombre de la tabla para el DataSet</param>
            <returns>DataSet con los datos que se han pedido en la consulta</returns>
        </member>
        <member name="M:ComponenteAccesoDatos.claseAccesoDatos.Actualitzar">
            <summary>
            Metodo para actulizar la base de datos, eliminar, añadir o actualizar la tabla de manera desconectada, atraves del DataSet
            </summary>
            <returns>DataSet con los valores cambiados de la tabla</returns>
        </member>
        <member name="M:ComponenteAccesoDatos.claseAccesoDatos.Actualitzar(System.Data.DataSet,System.String)">
            <summary>
            Metodo para actulizar la base de datos, eliminar, añadir o actualizar la tabla de manera desconectada, atraves del DataSet
            </summary>
            <param name="dts">DataSet que utilizara para hacer los cambios</param>
            <param name="consulta">Consulta para ejecutar en la base de datos</param>
            <returns></returns>
        </member>
        <member name="M:ComponenteAccesoDatos.claseAccesoDatos.Executa(System.String)">
            <summary>
            Metodo para actulizar la base de datos, eliminar, añadir o actualizar la tabla de manera directa (Conectados)
            </summary>
            <param name="Consulta">Consulta que utilizamos en la base de datos y ejuctamos en la tabla</param>
        </member>
    </members>
</doc>
